-- phpMyAdmin SQL Dump
-- version 5.2.1
-- https://www.phpmyadmin.net/
--
-- Host: 127.0.0.1
-- Waktu pembuatan: 14 Jun 2025 pada 21.17
-- Versi server: 10.4.32-MariaDB
-- Versi PHP: 8.0.30

SET SQL_MODE = "NO_AUTO_VALUE_ON_ZERO";
START TRANSACTION;
SET time_zone = "+00:00";


/*!40101 SET @OLD_CHARACTER_SET_CLIENT=@@CHARACTER_SET_CLIENT */;
/*!40101 SET @OLD_CHARACTER_SET_RESULTS=@@CHARACTER_SET_RESULTS */;
/*!40101 SET @OLD_COLLATION_CONNECTION=@@COLLATION_CONNECTION */;
/*!40101 SET NAMES utf8mb4 */;

--
-- Database: dss_db
--

-- --------------------------------------------------------

--
-- Struktur dari tabel bobot_kriteria
--

CREATE TABLE bobot_kriteria (
  bobot_id int(11) NOT NULL,
  user_id int(11) NOT NULL,
  kriteria_id int(11) NOT NULL,
  bobot_input float NOT NULL,
  bobot_normalisasi float DEFAULT NULL,
  tanggal_input date DEFAULT curdate()
) ENGINE=InnoDB DEFAULT CHARSET=utf8mb4 COLLATE=utf8mb4_unicode_ci;

--
-- Dumping data untuk tabel bobot_kriteria
--

INSERT INTO bobot_kriteria (bobot_id, user_id, kriteria_id, bobot_input, bobot_normalisasi, tanggal_input) VALUES
(1, 1, 1, 2, NULL, '2025-05-31'),
(2, 1, 2, 5, NULL, '2025-05-31'),
(3, 1, 3, 10, NULL, '2025-05-31'),
(4, 1, 4, 3, NULL, '2025-05-31'),
(5, 1, 5, 4, NULL, '2025-05-31'),
(6, 2, 1, 25, NULL, '2025-05-31'),
(7, 2, 2, 15, NULL, '2025-05-31'),
(8, 2, 3, 25, NULL, '2025-05-31'),
(9, 2, 4, 35, NULL, '2025-05-31'),
(10, 2, 5, 20, NULL, '2025-05-31'),
(11, 3, 1, 10, NULL, '2025-05-31'),
(12, 3, 2, 10, NULL, '2025-05-31'),
(13, 3, 3, 10, NULL, '2025-05-31'),
(14, 3, 4, 20, NULL, '2025-05-31'),
(15, 3, 5, 25, NULL, '2025-05-31'),
(16, 4, 1, 15, NULL, '2025-05-31'),
(17, 4, 2, 25, NULL, '2025-05-31'),
(18, 4, 3, 25, NULL, '2025-05-31'),
(19, 4, 4, 30, NULL, '2025-05-31'),
(20, 4, 5, 15, NULL, '2025-05-31'),
(21, 5, 1, 15, NULL, '2025-05-31'),
(22, 5, 2, 25, NULL, '2025-05-31'),
(23, 5, 3, 25, NULL, '2025-05-31'),
(24, 5, 4, 40, NULL, '2025-05-31'),
(25, 5, 5, 40, NULL, '2025-05-31'),
(26, 6, 1, 15, NULL, '2025-06-01'),
(27, 6, 2, 20, NULL, '2025-06-01'),
(28, 6, 3, 35, NULL, '2025-06-01'),
(29, 6, 4, 10, NULL, '2025-06-01'),
(30, 6, 5, 5, NULL, '2025-06-01'),
(31, 7, 1, 15, NULL, '2025-06-01'),
(32, 7, 2, 20, NULL, '2025-06-01'),
(33, 7, 3, 5, NULL, '2025-06-01'),
(34, 7, 4, 25, NULL, '2025-06-01'),
(35, 7, 5, 35, NULL, '2025-06-01'),
(36, 8, 1, 20, NULL, '2025-06-01'),
(37, 8, 2, 10, NULL, '2025-06-01'),
(38, 8, 3, 5, NULL, '2025-06-01'),
(39, 8, 4, 5, NULL, '2025-06-01'),
(40, 8, 5, 25, NULL, '2025-06-01'),
(41, 9, 1, 15, NULL, '2025-06-01'),
(42, 9, 2, 30, NULL, '2025-06-01'),
(43, 9, 3, 20, NULL, '2025-06-01'),
(44, 9, 4, 35, NULL, '2025-06-01'),
(45, 9, 5, 35, NULL, '2025-06-01'),
(46, 10, 1, 25, NULL, '2025-06-02'),
(47, 10, 2, 35, NULL, '2025-06-02'),
(48, 10, 3, 15, NULL, '2025-06-02'),
(49, 10, 4, 10, NULL, '2025-06-02'),
(50, 10, 5, 45, NULL, '2025-06-02'),
(51, 11, 1, 0, NULL, '2025-06-02'),
(52, 11, 2, 0, NULL, '2025-06-02'),
(53, 11, 3, 0, NULL, '2025-06-02'),
(54, 11, 4, 0, NULL, '2025-06-02'),
(55, 11, 5, 0, NULL, '2025-06-02'),
(56, 12, 1, 50, NULL, '2025-06-02'),
(57, 12, 2, 50, NULL, '2025-06-02'),
(58, 12, 3, 50, NULL, '2025-06-02'),
(59, 12, 4, 50, NULL, '2025-06-02'),
(60, 12, 5, 50, NULL, '2025-06-02'),
(61, 13, 1, 0, NULL, '2025-06-02'),
(62, 13, 2, 0, NULL, '2025-06-02'),
(63, 13, 3, 0, NULL, '2025-06-02'),
(64, 13, 4, 0, NULL, '2025-06-02'),
(65, 13, 5, 0, NULL, '2025-06-02'),
(66, 14, 1, 0, NULL, '2025-06-02'),
(67, 14, 2, 0, NULL, '2025-06-02'),
(68, 14, 3, 0, NULL, '2025-06-02'),
(69, 14, 4, 0, NULL, '2025-06-02'),
(70, 14, 5, 0, NULL, '2025-06-02'),
(71, 15, 1, 5, NULL, '2025-06-02'),
(72, 15, 2, 5, NULL, '2025-06-02'),
(73, 15, 3, 5, NULL, '2025-06-02'),
(74, 15, 4, 5, NULL, '2025-06-02'),
(75, 15, 5, 5, NULL, '2025-06-02'),
(76, 16, 1, 25, NULL, '2025-06-02'),
(77, 16, 2, 15, NULL, '2025-06-02'),
(78, 16, 3, 20, NULL, '2025-06-02'),
(79, 16, 4, 30, NULL, '2025-06-02'),
(80, 16, 5, 10, NULL, '2025-06-02'),
(81, 17, 1, 40, NULL, '2025-06-02'),
(82, 17, 2, 15, NULL, '2025-06-02'),
(83, 17, 3, 10, NULL, '2025-06-02'),
(84, 17, 4, 20, NULL, '2025-06-02'),
(85, 17, 5, 40, NULL, '2025-06-02'),
(86, 18, 1, 5, NULL, '2025-06-02'),
(87, 18, 2, 50, NULL, '2025-06-02'),
(88, 18, 3, 35, NULL, '2025-06-02'),
(89, 18, 4, 40, NULL, '2025-06-02'),
(90, 18, 5, 50, NULL, '2025-06-02'),
(91, 19, 1, 25, NULL, '2025-06-05'),
(92, 19, 2, 25, NULL, '2025-06-05'),
(93, 19, 3, 30, NULL, '2025-06-05'),
(94, 19, 4, 25, NULL, '2025-06-05'),
(95, 19, 5, 35, NULL, '2025-06-05'),
(96, 20, 1, 15, NULL, '2025-06-05'),
(97, 20, 2, 30, NULL, '2025-06-05'),
(98, 20, 3, 35, NULL, '2025-06-05'),
(99, 20, 4, 20, NULL, '2025-06-05'),
(100, 20, 5, 35, NULL, '2025-06-05'),
(101, 21, 1, 25, NULL, '2025-06-08'),
(102, 21, 2, 20, NULL, '2025-06-08'),
(103, 21, 3, 10, NULL, '2025-06-08'),
(104, 21, 4, 25, NULL, '2025-06-08'),
(105, 21, 5, 40, NULL, '2025-06-08'),
(106, 22, 1, 35, NULL, '2025-06-08'),
(107, 22, 2, 20, NULL, '2025-06-08'),
(108, 22, 3, 30, NULL, '2025-06-08'),
(109, 22, 4, 35, NULL, '2025-06-08'),
(110, 22, 5, 40, NULL, '2025-06-08'),
(111, 23, 1, 40, NULL, '2025-06-08'),
(112, 23, 2, 25, NULL, '2025-06-08'),
(113, 23, 3, 15, NULL, '2025-06-08'),
(114, 23, 4, 20, NULL, '2025-06-08'),
(115, 23, 5, 45, NULL, '2025-06-08'),
(116, 24, 1, 20, NULL, '2025-06-08'),
(117, 24, 2, 35, NULL, '2025-06-08'),
(118, 24, 3, 25, NULL, '2025-06-08'),
(119, 24, 4, 15, NULL, '2025-06-08'),
(120, 24, 5, 45, NULL, '2025-06-08'),
(121, 25, 1, 40, NULL, '2025-06-10'),
(122, 25, 2, 25, NULL, '2025-06-10'),
(123, 25, 3, 30, NULL, '2025-06-10'),
(124, 25, 4, 15, NULL, '2025-06-10'),
(125, 25, 5, 45, NULL, '2025-06-10'),
(126, 26, 1, 10, NULL, '2025-06-10'),
(127, 26, 2, 15, NULL, '2025-06-10'),
(128, 26, 3, 20, NULL, '2025-06-10'),
(129, 26, 4, 10, NULL, '2025-06-10'),
(130, 26, 5, 40, NULL, '2025-06-10'),
(131, 27, 1, 35, NULL, '2025-06-10'),
(132, 27, 2, 20, NULL, '2025-06-10'),
(133, 27, 3, 30, NULL, '2025-06-10'),
(134, 27, 4, 10, NULL, '2025-06-10'),
(135, 27, 5, 5, NULL, '2025-06-10'),
(136, 28, 1, 5, NULL, '2025-06-10'),
(137, 28, 2, 5, NULL, '2025-06-10'),
(138, 28, 3, 50, NULL, '2025-06-10'),
(139, 28, 4, 20, NULL, '2025-06-10'),
(140, 28, 5, 50, NULL, '2025-06-10'),
(141, 29, 1, 20, NULL, '2025-06-10'),
(142, 29, 2, 30, NULL, '2025-06-10'),
(143, 29, 3, 20, NULL, '2025-06-10'),
(144, 29, 4, 30, NULL, '2025-06-10'),
(145, 29, 5, 45, NULL, '2025-06-10'),
(146, 30, 1, 15, NULL, '2025-06-10'),
(147, 30, 2, 35, NULL, '2025-06-10'),
(148, 30, 3, 20, NULL, '2025-06-10'),
(149, 30, 4, 25, NULL, '2025-06-10'),
(150, 30, 5, 35, NULL, '2025-06-10'),
(151, 31, 1, 45, NULL, '2025-06-11'),
(152, 31, 2, 20, NULL, '2025-06-11'),
(153, 31, 3, 50, NULL, '2025-06-11'),
(154, 31, 4, 50, NULL, '2025-06-11'),
(155, 31, 5, 30, NULL, '2025-06-11'),
(156, 32, 1, 25, NULL, '2025-06-12'),
(157, 32, 2, 25, NULL, '2025-06-12'),
(158, 32, 3, 25, NULL, '2025-06-12'),
(159, 32, 4, 25, NULL, '2025-06-12'),
(160, 32, 5, 25, NULL, '2025-06-12'),
(161, 33, 1, 25, NULL, '2025-06-14'),
(162, 33, 2, 25, NULL, '2025-06-14'),
(163, 33, 3, 25, NULL, '2025-06-14'),
(164, 33, 4, 25, NULL, '2025-06-14'),
(165, 33, 5, 25, NULL, '2025-06-14'),
(166, 34, 1, 5, NULL, '2025-06-15'),
(167, 34, 2, 0, NULL, '2025-06-15'),
(168, 34, 3, 0, NULL, '2025-06-15'),
(169, 34, 4, 0, NULL, '2025-06-15'),
(170, 34, 5, 0, NULL, '2025-06-15'),
(171, 35, 1, 25, NULL, '2025-06-15'),
(172, 35, 2, 25, NULL, '2025-06-15'),
(173, 35, 3, 25, NULL, '2025-06-15'),
(174, 35, 4, 25, NULL, '2025-06-15'),
(175, 35, 5, 25, NULL, '2025-06-15');

-- --------------------------------------------------------

--
-- Struktur dari tabel hasil_keputusan
--

CREATE TABLE hasil_keputusan (
  keputusan_id int(11) NOT NULL,
  user_id int(11) NOT NULL,
  prodi_id int(11) NOT NULL,
  skor_akhir float NOT NULL,
  tanggal_keputusan date DEFAULT curdate()
) ENGINE=InnoDB DEFAULT CHARSET=utf8mb4 COLLATE=utf8mb4_unicode_ci;

--
-- Dumping data untuk tabel hasil_keputusan
--

INSERT INTO hasil_keputusan (keputusan_id, user_id, prodi_id, skor_akhir, tanggal_keputusan) VALUES
(7, 1, 1, 5.04167, '2025-05-31'),
(8, 1, 2, 2.875, '2025-05-31'),
(9, 1, 3, 3, '2025-05-31'),
(10, 2, 1, 3.04167, '2025-05-31'),
(11, 2, 2, 3.66667, '2025-05-31'),
(12, 2, 3, 2.79167, '2025-05-31'),
(13, 3, 1, 1.66667, '2025-05-31'),
(14, 3, 2, 2.66667, '2025-05-31'),
(15, 3, 3, 2.73333, '2025-05-31'),
(16, 4, 1, 1.90909, '2025-05-31'),
(17, 4, 2, 3.72727, '2025-05-31'),
(18, 4, 3, 2.72727, '2025-05-31'),
(19, 5, 1, 2.62069, '2025-05-31'),
(20, 5, 2, 3.62069, '2025-05-31'),
(21, 5, 3, 3.55172, '2025-05-31'),
(22, 8, 1, 3.07692, '2025-06-01'),
(23, 8, 2, 3.15385, '2025-06-01'),
(24, 8, 3, 3.15385, '2025-06-01'),
(25, 9, 1, 3.88889, '2025-06-01'),
(26, 9, 2, 3.74074, '2025-06-01'),
(27, 9, 3, 2.37037, '2025-06-01'),
(28, 10, 1, 4.19231, '2025-06-02'),
(29, 10, 2, 3.53846, '2025-06-02'),
(30, 10, 3, 2.26923, '2025-06-02'),
(31, 12, 1, 5, '2025-06-02'),
(32, 12, 2, 3, '2025-06-02'),
(33, 12, 3, 2, '2025-06-02'),
(49, 15, 1, 1.6, '2025-06-02'),
(50, 15, 2, 3.8, '2025-06-02'),
(51, 15, 3, 3.8, '2025-06-02'),
(64, 17, 1, 5, '2025-06-02'),
(65, 17, 2, 3, '2025-06-02'),
(66, 17, 3, 2, '2025-06-02'),
(67, 18, 1, 4.08333, '2025-06-02'),
(68, 18, 2, 3.61111, '2025-06-02'),
(69, 18, 3, 2.30556, '2025-06-02'),
(70, 20, 1, 5, '2025-06-05'),
(71, 20, 2, 3, '2025-06-05'),
(72, 20, 3, 2, '2025-06-05'),
(73, 21, 1, 3.33333, '2025-06-08'),
(74, 21, 2, 3.04167, '2025-06-08'),
(75, 21, 3, 3.04167, '2025-06-08'),
(76, 22, 1, 2.21875, '2025-06-08'),
(77, 22, 2, 2.90625, '2025-06-08'),
(78, 22, 3, 3.8125, '2025-06-08'),
(82, 23, 1, 3.06897, '2025-06-08'),
(83, 23, 2, 2.51724, '2025-06-08'),
(84, 23, 3, 3.44828, '2025-06-08'),
(136, 24, 1, 2.75, '2025-06-08'),
(137, 24, 2, 2.92857, '2025-06-08'),
(138, 24, 3, 3.46429, '2025-06-08'),
(139, 25, 1, 3.93548, '2025-06-10'),
(140, 25, 2, 3.70968, '2025-06-10'),
(141, 25, 3, 2.35484, '2025-06-10'),
(142, 26, 1, 3.42105, '2025-06-10'),
(143, 26, 2, 4.05263, '2025-06-10'),
(144, 26, 3, 2.52632, '2025-06-10'),
(154, 27, 1, 2.8, '2025-06-10'),
(155, 27, 2, 3.55, '2025-06-10'),
(156, 27, 3, 3.15, '2025-06-10'),
(157, 28, 1, 2.84615, '2025-06-10'),
(158, 28, 2, 2.88462, '2025-06-10'),
(159, 28, 3, 3.42308, '2025-06-10'),
(160, 29, 1, 4.37931, '2025-06-10'),
(161, 29, 2, 3.41379, '2025-06-10'),
(162, 29, 3, 2.2069, '2025-06-10'),
(163, 30, 1, 2.53846, '2025-06-10'),
(164, 30, 2, 3.65385, '2025-06-10'),
(165, 30, 3, 3.26923, '2025-06-10'),
(166, 31, 1, 3.35897, '2025-06-11'),
(167, 31, 2, 3.71795, '2025-06-11'),
(168, 31, 3, 2.71795, '2025-06-11'),
(169, 32, 1, 3, '2025-06-12'),
(170, 32, 2, 3.6, '2025-06-12'),
(171, 32, 3, 3, '2025-06-12'),
(184, 33, 1, 3.2, '2025-06-15'),
(185, 33, 2, 4.2, '2025-06-15'),
(186, 33, 3, 2.6, '2025-06-15'),
(241, 35, 1, 3.6, '2025-06-15'),
(242, 35, 2, 3.2, '2025-06-15'),
(243, 35, 3, 2.8, '2025-06-15');

-- --------------------------------------------------------

--
-- Struktur dari tabel kriteria
--

CREATE TABLE kriteria (
  kriteria_id int(11) NOT NULL,
  kode_kriteria varchar(10) NOT NULL,
  nama_kriteria varchar(100) NOT NULL,
  penjelasan text DEFAULT NULL
) ENGINE=InnoDB DEFAULT CHARSET=utf8mb4 COLLATE=utf8mb4_unicode_ci;

--
-- Dumping data untuk tabel kriteria
--

INSERT INTO kriteria (kriteria_id, kode_kriteria, nama_kriteria, penjelasan) VALUES
(1, 'C1', 'Minat dan Bakat Pribadi', 'Kecocokan antara minat siswa dengan bidang keahlian di prodi'),
(2, 'C2', 'Kesulitan Belajar', 'Beban akademik dan teknis selama masa studi'),
(3, 'C3', 'Kebutuhan Skill Praktis', 'Seberapa banyak praktik ketimbang teori dalam prodi'),
(4, 'C4', 'Akses ke Sarana Praktikum', 'Ketersediaan fasilitas praktik seperti lab, perangkat keras, dll'),
(5, 'C5', 'Akreditasi Program Studi', 'Peringkat akreditasi prodi oleh badan akreditasi nasional');

-- --------------------------------------------------------

--
-- Struktur dari tabel penilaian_alternatif
--

CREATE TABLE penilaian_alternatif (
  penilaian_id int(11) NOT NULL,
  user_id int(11) NOT NULL,
  prodi_id int(11) NOT NULL,
  kriteria_id int(11) NOT NULL,
  nilai float NOT NULL
) ENGINE=InnoDB DEFAULT CHARSET=utf8mb4 COLLATE=utf8mb4_unicode_ci;

--
-- Dumping data untuk tabel penilaian_alternatif
--

INSERT INTO penilaian_alternatif (penilaian_id, user_id, prodi_id, kriteria_id, nilai) VALUES
(1, 1, 1, 1, 4),
(2, 1, 1, 2, 3),
(3, 1, 1, 3, 2),
(4, 1, 1, 4, 6),
(5, 1, 1, 5, 15),
(6, 1, 2, 1, 3),
(7, 1, 2, 2, 3),
(8, 1, 2, 3, 2),
(9, 1, 2, 4, 4),
(10, 1, 2, 5, 4),
(11, 1, 3, 1, 3),
(12, 1, 3, 2, 3),
(13, 1, 3, 3, 3),
(14, 1, 3, 4, 3),
(15, 1, 3, 5, 3),
(16, 2, 1, 1, 3),
(17, 2, 1, 2, 4),
(18, 2, 1, 3, 2),
(19, 2, 1, 4, 4),
(20, 2, 1, 5, 2),
(21, 2, 2, 1, 3),
(22, 2, 2, 2, 4),
(23, 2, 2, 3, 5),
(24, 2, 2, 4, 4),
(25, 2, 2, 5, 2),
(26, 2, 3, 1, 3),
(27, 2, 3, 2, 3),
(28, 2, 3, 3, 2),
(29, 2, 3, 4, 3),
(30, 2, 3, 5, 3),
(31, 3, 1, 1, 2),
(32, 3, 1, 2, 4),
(33, 3, 1, 3, 2),
(34, 3, 1, 4, 1),
(35, 3, 1, 5, 1),
(36, 3, 2, 1, 1),
(37, 3, 2, 2, 2),
(38, 3, 2, 3, 4),
(39, 3, 2, 4, 4),
(40, 3, 2, 5, 2),
(41, 3, 3, 1, 3),
(42, 3, 3, 2, 2),
(43, 3, 3, 3, 4),
(44, 3, 3, 4, 2),
(45, 3, 3, 5, 3),
(46, 4, 1, 1, 4),
(47, 4, 1, 2, 2),
(48, 4, 1, 3, 1),
(49, 4, 1, 4, 2),
(50, 4, 1, 5, 1),
(51, 4, 2, 1, 5),
(52, 4, 2, 2, 4),
(53, 4, 2, 3, 4),
(54, 4, 2, 4, 4),
(55, 4, 2, 5, 1),
(56, 4, 3, 1, 4),
(57, 4, 3, 2, 3),
(58, 4, 3, 3, 3),
(59, 4, 3, 4, 2),
(60, 4, 3, 5, 2),
(61, 5, 1, 1, 1),
(62, 5, 1, 2, 3),
(63, 5, 1, 3, 2),
(64, 5, 1, 4, 4),
(65, 5, 1, 5, 2),
(66, 5, 2, 1, 4),
(67, 5, 2, 2, 5),
(68, 5, 2, 3, 4),
(69, 5, 2, 4, 3),
(70, 5, 2, 5, 3),
(71, 5, 3, 1, 5),
(72, 5, 3, 2, 5),
(73, 5, 3, 3, 3),
(74, 5, 3, 4, 2),
(75, 5, 3, 5, 4),
(76, 8, 1, 1, 1),
(77, 8, 2, 1, 2),
(78, 8, 3, 1, 5),
(79, 8, 1, 1, 2),
(80, 8, 2, 1, 5),
(81, 8, 3, 1, 3),
(82, 8, 1, 2, 2),
(83, 8, 2, 2, 5),
(84, 8, 3, 2, 3),
(85, 8, 1, 2, 1),
(86, 8, 2, 2, 2),
(87, 8, 3, 2, 5),
(88, 8, 1, 3, 2),
(89, 8, 2, 3, 5),
(90, 8, 3, 3, 3),
(91, 8, 1, 3, 1),
(92, 8, 2, 3, 2),
(93, 8, 3, 3, 5),
(94, 8, 1, 4, 5),
(95, 8, 2, 4, 3),
(96, 8, 3, 4, 2),
(97, 8, 1, 4, 5),
(98, 8, 2, 4, 3),
(99, 8, 3, 4, 2),
(100, 8, 1, 5, 5),
(101, 8, 2, 5, 3),
(102, 8, 3, 5, 2),
(103, 8, 1, 5, 5),
(104, 8, 2, 5, 3),
(105, 8, 3, 5, 2),
(106, 9, 1, 1, 2),
(107, 9, 2, 1, 5),
(108, 9, 3, 1, 3),
(109, 9, 1, 1, 2),
(110, 9, 2, 1, 5),
(111, 9, 3, 1, 3),
(112, 9, 1, 2, 5),
(113, 9, 2, 2, 3),
(114, 9, 3, 2, 2),
(115, 9, 1, 2, 5),
(116, 9, 2, 2, 3),
(117, 9, 3, 2, 2),
(118, 9, 1, 3, 5),
(119, 9, 2, 3, 3),
(120, 9, 3, 3, 2),
(121, 9, 1, 3, 2),
(122, 9, 2, 3, 5),
(123, 9, 3, 3, 3),
(124, 9, 1, 4, 5),
(125, 9, 2, 4, 3),
(126, 9, 3, 4, 2),
(127, 9, 1, 4, 5),
(128, 9, 2, 4, 3),
(129, 9, 3, 4, 2),
(130, 9, 1, 5, 2),
(131, 9, 2, 5, 5),
(132, 9, 3, 5, 3),
(133, 9, 1, 5, 1),
(134, 9, 2, 5, 2),
(135, 9, 3, 5, 5),
(136, 10, 1, 1, 5),
(137, 10, 2, 1, 3),
(138, 10, 3, 1, 2),
(139, 10, 1, 1, 5),
(140, 10, 2, 1, 3),
(141, 10, 3, 1, 2),
(142, 10, 1, 2, 2),
(143, 10, 2, 2, 5),
(144, 10, 3, 2, 3),
(145, 10, 1, 2, 1),
(146, 10, 2, 2, 2),
(147, 10, 3, 2, 5),
(148, 10, 1, 3, 5),
(149, 10, 2, 3, 3),
(150, 10, 3, 3, 2),
(151, 10, 1, 3, 2),
(152, 10, 2, 3, 5),
(153, 10, 3, 3, 3),
(154, 10, 1, 4, 5),
(155, 10, 2, 4, 3),
(156, 10, 3, 4, 2),
(157, 10, 1, 4, 5),
(158, 10, 2, 4, 3),
(159, 10, 3, 4, 2),
(160, 10, 1, 5, 5),
(161, 10, 2, 5, 3),
(162, 10, 3, 5, 2),
(163, 10, 1, 5, 5),
(164, 10, 2, 5, 3),
(165, 10, 3, 5, 2),
(166, 11, 1, 1, 5),
(167, 11, 2, 1, 3),
(168, 11, 3, 1, 2),
(169, 11, 1, 1, 5),
(170, 11, 2, 1, 3),
(171, 11, 3, 1, 2),
(172, 11, 1, 2, 5),
(173, 11, 2, 2, 3),
(174, 11, 3, 2, 2),
(175, 11, 1, 2, 5),
(176, 11, 2, 2, 3),
(177, 11, 3, 2, 2),
(178, 11, 1, 3, 5),
(179, 11, 2, 3, 3),
(180, 11, 3, 3, 2),
(181, 11, 1, 3, 5),
(182, 11, 2, 3, 3),
(183, 11, 3, 3, 2),
(184, 11, 1, 4, 5),
(185, 11, 2, 4, 3),
(186, 11, 3, 4, 2),
(187, 11, 1, 4, 5),
(188, 11, 2, 4, 3),
(189, 11, 3, 4, 2),
(190, 11, 1, 5, 5),
(191, 11, 2, 5, 3),
(192, 11, 3, 5, 2),
(193, 11, 1, 5, 5),
(194, 11, 2, 5, 3),
(195, 11, 3, 5, 2),
(196, 12, 1, 1, 5),
(197, 12, 2, 1, 3),
(198, 12, 3, 1, 2),
(199, 12, 1, 1, 5),
(200, 12, 2, 1, 3),
(201, 12, 3, 1, 2),
(202, 12, 1, 2, 5),
(203, 12, 2, 2, 3),
(204, 12, 3, 2, 2),
(205, 12, 1, 2, 5),
(206, 12, 2, 2, 3),
(207, 12, 3, 2, 2),
(208, 12, 1, 3, 5),
(209, 12, 2, 3, 3),
(210, 12, 3, 3, 2),
(211, 12, 1, 3, 5),
(212, 12, 2, 3, 3),
(213, 12, 3, 3, 2),
(214, 12, 1, 4, 5),
(215, 12, 2, 4, 3),
(216, 12, 3, 4, 2),
(217, 12, 1, 4, 5),
(218, 12, 2, 4, 3),
(219, 12, 3, 4, 2),
(220, 12, 1, 5, 5),
(221, 12, 2, 5, 3),
(222, 12, 3, 5, 2),
(223, 12, 1, 5, 5),
(224, 12, 2, 5, 3),
(225, 12, 3, 5, 2),
(226, 14, 1, 1, 1),
(227, 14, 2, 1, 2),
(228, 14, 3, 1, 5),
(229, 14, 1, 1, 1),
(230, 14, 2, 1, 2),
(231, 14, 3, 1, 5),
(232, 14, 1, 2, 1),
(233, 14, 2, 2, 2),
(234, 14, 3, 2, 5),
(235, 14, 1, 2, 1),
(236, 14, 2, 2, 2),
(237, 14, 3, 2, 5),
(238, 14, 1, 3, 1),
(239, 14, 2, 3, 2),
(240, 14, 3, 3, 5),
(241, 14, 1, 3, 1),
(242, 14, 2, 3, 2),
(243, 14, 3, 3, 5),
(244, 14, 1, 4, 1),
(245, 14, 2, 4, 2),
(246, 14, 3, 4, 5),
(247, 14, 1, 4, 1),
(248, 14, 2, 4, 2),
(249, 14, 3, 4, 5),
(250, 14, 1, 5, 1),
(251, 14, 2, 5, 2),
(252, 14, 3, 5, 5),
(253, 14, 1, 5, 1),
(254, 14, 2, 5, 2),
(255, 14, 3, 5, 5),
(256, 15, 1, 1, 1),
(257, 15, 2, 1, 2),
(258, 15, 3, 1, 5),
(259, 15, 1, 1, 5),
(260, 15, 2, 1, 3),
(261, 15, 3, 1, 2),
(262, 15, 1, 2, 1),
(263, 15, 2, 2, 2),
(264, 15, 3, 2, 5),
(265, 15, 1, 2, 2),
(266, 15, 2, 2, 5),
(267, 15, 3, 2, 3),
(268, 15, 1, 3, 2),
(269, 15, 2, 3, 5),
(270, 15, 3, 3, 3),
(271, 15, 1, 3, 2),
(272, 15, 2, 3, 5),
(273, 15, 3, 3, 3),
(274, 15, 1, 4, 2),
(275, 15, 2, 4, 5),
(276, 15, 3, 4, 3),
(277, 15, 1, 4, 2),
(278, 15, 2, 4, 5),
(279, 15, 3, 4, 3),
(280, 15, 1, 5, 2),
(281, 15, 2, 5, 5),
(282, 15, 3, 5, 3),
(283, 15, 1, 5, 5),
(284, 15, 2, 5, 3),
(285, 15, 3, 5, 2),
(286, 17, 1, 1, 5),
(287, 17, 2, 1, 3),
(288, 17, 3, 1, 2),
(289, 17, 1, 1, 2),
(290, 17, 2, 1, 5),
(291, 17, 3, 1, 3),
(292, 17, 1, 2, 5),
(293, 17, 2, 2, 3),
(294, 17, 3, 2, 2),
(295, 17, 1, 2, 2),
(296, 17, 2, 2, 5),
(297, 17, 3, 2, 3),
(298, 17, 1, 3, 5),
(299, 17, 2, 3, 3),
(300, 17, 3, 3, 2),
(301, 17, 1, 3, 1),
(302, 17, 2, 3, 2),
(303, 17, 3, 3, 5),
(304, 17, 1, 4, 5),
(305, 17, 2, 4, 3),
(306, 17, 3, 4, 2),
(307, 17, 1, 4, 2),
(308, 17, 2, 4, 5),
(309, 17, 3, 4, 3),
(310, 17, 1, 5, 5),
(311, 17, 2, 5, 3),
(312, 17, 3, 5, 2),
(313, 17, 1, 5, 2),
(314, 17, 2, 5, 5),
(315, 17, 3, 5, 3),
(316, 18, 1, 1, 2),
(317, 18, 2, 1, 5),
(318, 18, 3, 1, 3),
(319, 18, 1, 1, 2),
(320, 18, 2, 1, 5),
(321, 18, 3, 1, 3),
(322, 18, 1, 2, 5),
(323, 18, 2, 2, 3),
(324, 18, 3, 2, 2),
(325, 18, 1, 2, 5),
(326, 18, 2, 2, 3),
(327, 18, 3, 2, 2),
(328, 18, 1, 3, 5),
(329, 18, 2, 3, 3),
(330, 18, 3, 3, 2),
(331, 18, 1, 3, 5),
(332, 18, 2, 3, 3),
(333, 18, 3, 3, 2),
(334, 18, 1, 4, 5),
(335, 18, 2, 4, 3),
(336, 18, 3, 4, 2),
(337, 18, 1, 4, 5),
(338, 18, 2, 4, 3),
(339, 18, 3, 4, 2),
(340, 18, 1, 5, 2),
(341, 18, 2, 5, 5),
(342, 18, 3, 5, 3),
(343, 18, 1, 5, 2),
(344, 18, 2, 5, 5),
(345, 18, 3, 5, 3),
(346, 20, 1, 1, 5),
(347, 20, 2, 1, 3),
(348, 20, 3, 1, 2),
(349, 20, 1, 1, 2),
(350, 20, 2, 1, 5),
(351, 20, 3, 1, 3),
(352, 20, 1, 2, 5),
(353, 20, 2, 2, 3),
(354, 20, 3, 2, 2),
(355, 20, 1, 2, 2),
(356, 20, 2, 2, 5),
(357, 20, 3, 2, 3),
(358, 20, 1, 3, 5),
(359, 20, 2, 3, 3),
(360, 20, 3, 3, 2),
(361, 20, 1, 3, 5),
(362, 20, 2, 3, 3),
(363, 20, 3, 3, 2),
(364, 20, 1, 4, 5),
(365, 20, 2, 4, 3),
(366, 20, 3, 4, 2),
(367, 20, 1, 4, 5),
(368, 20, 2, 4, 3),
(369, 20, 3, 4, 2),
(370, 20, 1, 5, 5),
(371, 20, 2, 5, 3),
(372, 20, 3, 5, 2),
(373, 20, 1, 5, 1),
(374, 20, 2, 5, 2),
(375, 20, 3, 5, 5),
(376, 21, 1, 1, 5),
(377, 21, 2, 1, 3),
(378, 21, 3, 1, 2),
(379, 21, 1, 1, 1),
(380, 21, 2, 1, 2),
(381, 21, 3, 1, 5),
(382, 21, 1, 2, 2),
(383, 21, 2, 2, 5),
(384, 21, 3, 2, 3),
(385, 21, 1, 2, 5),
(386, 21, 2, 2, 3),
(387, 21, 3, 2, 2),
(388, 21, 1, 3, 1),
(389, 21, 2, 3, 2),
(390, 21, 3, 3, 5),
(391, 21, 1, 3, 1),
(392, 21, 2, 3, 2),
(393, 21, 3, 3, 5),
(394, 21, 1, 4, 1),
(395, 21, 2, 4, 2),
(396, 21, 3, 4, 5),
(397, 21, 1, 4, 5),
(398, 21, 2, 4, 3),
(399, 21, 3, 4, 2),
(400, 21, 1, 5, 5),
(401, 21, 2, 5, 3),
(402, 21, 3, 5, 2),
(403, 21, 1, 5, 2),
(404, 21, 2, 5, 5),
(405, 21, 3, 5, 3),
(406, 22, 1, 1, 1),
(407, 22, 2, 1, 2),
(408, 22, 3, 1, 5),
(409, 22, 1, 1, 5),
(410, 22, 2, 1, 3),
(411, 22, 3, 1, 2),
(412, 22, 1, 2, 1),
(413, 22, 2, 2, 2),
(414, 22, 3, 2, 5),
(415, 22, 1, 2, 1),
(416, 22, 2, 2, 2),
(417, 22, 3, 2, 5),
(418, 22, 1, 3, 1),
(419, 22, 2, 3, 2),
(420, 22, 3, 3, 5),
(421, 22, 1, 3, 1),
(422, 22, 2, 3, 2),
(423, 22, 3, 3, 5),
(424, 22, 1, 4, 2),
(425, 22, 2, 4, 5),
(426, 22, 3, 4, 3),
(427, 22, 1, 4, 1),
(428, 22, 2, 4, 2),
(429, 22, 3, 4, 5),
(430, 22, 1, 5, 5),
(431, 22, 2, 5, 3),
(432, 22, 3, 5, 2),
(433, 22, 1, 5, 1),
(434, 22, 2, 5, 2),
(435, 22, 3, 5, 5),
(436, 23, 1, 1, 5),
(437, 23, 2, 1, 3),
(438, 23, 3, 1, 2),
(439, 23, 1, 1, 2),
(440, 23, 2, 1, 5),
(441, 23, 3, 1, 3),
(442, 23, 1, 2, 1),
(443, 23, 2, 2, 2),
(444, 23, 3, 2, 5),
(445, 23, 1, 2, 5),
(446, 23, 2, 2, 3),
(447, 23, 3, 2, 2),
(448, 23, 1, 3, 5),
(449, 23, 2, 3, 3),
(450, 23, 3, 3, 2),
(451, 23, 1, 3, 2),
(452, 23, 2, 3, 5),
(453, 23, 3, 3, 3),
(454, 23, 1, 4, 5),
(455, 23, 2, 4, 3),
(456, 23, 3, 4, 2),
(457, 23, 1, 4, 5),
(458, 23, 2, 4, 3),
(459, 23, 3, 4, 2),
(460, 23, 1, 5, 1),
(461, 23, 2, 5, 2),
(462, 23, 3, 5, 5),
(463, 23, 1, 5, 2),
(464, 23, 2, 5, 5),
(465, 23, 3, 5, 3),
(466, 24, 1, 1, 5),
(467, 24, 2, 1, 3),
(468, 24, 3, 1, 2),
(469, 24, 1, 1, 2),
(470, 24, 2, 1, 5),
(471, 24, 3, 1, 3),
(472, 24, 1, 2, 5),
(473, 24, 2, 2, 3),
(474, 24, 3, 2, 2),
(475, 24, 1, 2, 5),
(476, 24, 2, 2, 3),
(477, 24, 3, 2, 2),
(478, 24, 1, 3, 2),
(479, 24, 2, 3, 5),
(480, 24, 3, 3, 3),
(481, 24, 1, 3, 1),
(482, 24, 2, 3, 2),
(483, 24, 3, 3, 5),
(484, 24, 1, 4, 1),
(485, 24, 2, 4, 2),
(486, 24, 3, 4, 5),
(487, 24, 1, 4, 1),
(488, 24, 2, 4, 2),
(489, 24, 3, 4, 5),
(490, 24, 1, 5, 1),
(491, 24, 2, 5, 2),
(492, 24, 3, 5, 5),
(493, 24, 1, 5, 1),
(494, 24, 2, 5, 2),
(495, 24, 3, 5, 5),
(496, 25, 1, 1, 5),
(497, 25, 2, 1, 3),
(498, 25, 3, 1, 2),
(499, 25, 1, 1, 5),
(500, 25, 2, 1, 3),
(501, 25, 3, 1, 2),
(502, 25, 1, 2, 2),
(503, 25, 2, 2, 5),
(504, 25, 3, 2, 3),
(505, 25, 1, 2, 5),
(506, 25, 2, 2, 3),
(507, 25, 3, 2, 2),
(508, 25, 1, 3, 2),
(509, 25, 2, 3, 5),
(510, 25, 3, 3, 3),
(511, 25, 1, 3, 2),
(512, 25, 2, 3, 5),
(513, 25, 3, 3, 3),
(514, 25, 1, 4, 5),
(515, 25, 2, 4, 3),
(516, 25, 3, 4, 2),
(517, 25, 1, 4, 2),
(518, 25, 2, 4, 5),
(519, 25, 3, 4, 3),
(520, 25, 1, 5, 5),
(521, 25, 2, 5, 3),
(522, 25, 3, 5, 2),
(523, 25, 1, 5, 1),
(524, 25, 2, 5, 2),
(525, 25, 3, 5, 5),
(526, 26, 1, 1, 2),
(527, 26, 2, 1, 5),
(528, 26, 3, 1, 3),
(529, 26, 1, 1, 5),
(530, 26, 2, 1, 3),
(531, 26, 3, 1, 2),
(532, 26, 1, 2, 5),
(533, 26, 2, 2, 3),
(534, 26, 3, 2, 2),
(535, 26, 1, 2, 1),
(536, 26, 2, 2, 2),
(537, 26, 3, 2, 5),
(538, 26, 1, 3, 5),
(539, 26, 2, 3, 3),
(540, 26, 3, 3, 2),
(541, 26, 1, 3, 2),
(542, 26, 2, 3, 5),
(543, 26, 3, 3, 3),
(544, 26, 1, 4, 5),
(545, 26, 2, 4, 3),
(546, 26, 3, 4, 2),
(547, 26, 1, 4, 5),
(548, 26, 2, 4, 3),
(549, 26, 3, 4, 2),
(550, 26, 1, 5, 2),
(551, 26, 2, 5, 5),
(552, 26, 3, 5, 3),
(553, 26, 1, 5, 5),
(554, 26, 2, 5, 3),
(555, 26, 3, 5, 2),
(556, 27, 1, 1, 5),
(557, 27, 2, 1, 3),
(558, 27, 3, 1, 2),
(559, 27, 1, 1, 5),
(560, 27, 2, 1, 3),
(561, 27, 3, 1, 2),
(562, 27, 1, 2, 1),
(563, 27, 2, 2, 2),
(564, 27, 3, 2, 5),
(565, 27, 1, 2, 2),
(566, 27, 2, 2, 5),
(567, 27, 3, 2, 3),
(568, 27, 1, 3, 2),
(569, 27, 2, 3, 5),
(570, 27, 3, 3, 3),
(571, 27, 1, 3, 5),
(572, 27, 2, 3, 3),
(573, 27, 3, 3, 2),
(574, 27, 1, 4, 2),
(575, 27, 2, 4, 5),
(576, 27, 3, 4, 3),
(577, 27, 1, 4, 2),
(578, 27, 2, 4, 5),
(579, 27, 3, 4, 3),
(580, 27, 1, 5, 1),
(581, 27, 2, 5, 2),
(582, 27, 3, 5, 5),
(583, 27, 1, 5, 5),
(584, 27, 2, 5, 3),
(585, 27, 3, 5, 2),
(586, 28, 1, 1, 5),
(587, 28, 2, 1, 3),
(588, 28, 3, 1, 2),
(589, 28, 1, 1, 2),
(590, 28, 2, 1, 5),
(591, 28, 3, 1, 3),
(592, 28, 1, 2, 1),
(593, 28, 2, 2, 2),
(594, 28, 3, 2, 5),
(595, 28, 1, 2, 2),
(596, 28, 2, 2, 5),
(597, 28, 3, 2, 3),
(598, 28, 1, 3, 1),
(599, 28, 2, 3, 2),
(600, 28, 3, 3, 5),
(601, 28, 1, 3, 2),
(602, 28, 2, 3, 5),
(603, 28, 3, 3, 3),
(604, 28, 1, 4, 2),
(605, 28, 2, 4, 5),
(606, 28, 3, 4, 3),
(607, 28, 1, 4, 5),
(608, 28, 2, 4, 3),
(609, 28, 3, 4, 2),
(610, 28, 1, 5, 5),
(611, 28, 2, 5, 3),
(612, 28, 3, 5, 2),
(613, 28, 1, 5, 1),
(614, 28, 2, 5, 2),
(615, 28, 3, 5, 5),
(616, 29, 1, 1, 5),
(617, 29, 2, 1, 3),
(618, 29, 3, 1, 2),
(619, 29, 1, 1, 2),
(620, 29, 2, 1, 5),
(621, 29, 3, 1, 3),
(622, 29, 1, 2, 5),
(623, 29, 2, 2, 3),
(624, 29, 3, 2, 2),
(625, 29, 1, 2, 5),
(626, 29, 2, 2, 3),
(627, 29, 3, 2, 2),
(628, 29, 1, 3, 5),
(629, 29, 2, 3, 3),
(630, 29, 3, 3, 2),
(631, 29, 1, 3, 2),
(632, 29, 2, 3, 5),
(633, 29, 3, 3, 3),
(634, 29, 1, 4, 2),
(635, 29, 2, 4, 5),
(636, 29, 3, 4, 3),
(637, 29, 1, 4, 2),
(638, 29, 2, 4, 5),
(639, 29, 3, 4, 3),
(640, 29, 1, 5, 5),
(641, 29, 2, 5, 3),
(642, 29, 3, 5, 2),
(643, 29, 1, 5, 1),
(644, 29, 2, 5, 2),
(645, 29, 3, 5, 5),
(646, 30, 1, 1, 2),
(647, 30, 2, 1, 5),
(648, 30, 3, 1, 3),
(649, 30, 1, 1, 2),
(650, 30, 2, 1, 5),
(651, 30, 3, 1, 3),
(652, 30, 1, 2, 5),
(653, 30, 2, 2, 3),
(654, 30, 3, 2, 2),
(655, 30, 1, 2, 5),
(656, 30, 2, 2, 3),
(657, 30, 3, 2, 2),
(658, 30, 1, 3, 2),
(659, 30, 2, 3, 5),
(660, 30, 3, 3, 3),
(661, 30, 1, 3, 5),
(662, 30, 2, 3, 3),
(663, 30, 3, 3, 2),
(664, 30, 1, 4, 2),
(665, 30, 2, 4, 5),
(666, 30, 3, 4, 3),
(667, 30, 1, 4, 5),
(668, 30, 2, 4, 3),
(669, 30, 3, 4, 2),
(670, 30, 1, 5, 1),
(671, 30, 2, 5, 2),
(672, 30, 3, 5, 5),
(673, 30, 1, 5, 1),
(674, 30, 2, 5, 2),
(675, 30, 3, 5, 5),
(676, 31, 1, 1, 5),
(677, 31, 2, 1, 3),
(678, 31, 3, 1, 2),
(679, 31, 1, 1, 5),
(680, 31, 2, 1, 3),
(681, 31, 3, 1, 2),
(682, 31, 1, 2, 1),
(683, 31, 2, 2, 2),
(684, 31, 3, 2, 5),
(685, 31, 1, 2, 5),
(686, 31, 2, 2, 3),
(687, 31, 3, 2, 2),
(688, 31, 1, 3, 2),
(689, 31, 2, 3, 5),
(690, 31, 3, 3, 3),
(691, 31, 1, 3, 5),
(692, 31, 2, 3, 3),
(693, 31, 3, 3, 2),
(694, 31, 1, 4, 5),
(695, 31, 2, 4, 3),
(696, 31, 3, 4, 2),
(697, 31, 1, 4, 5),
(698, 31, 2, 4, 3),
(699, 31, 3, 4, 2),
(700, 31, 1, 5, 2),
(701, 31, 2, 5, 5),
(702, 31, 3, 5, 3),
(703, 31, 1, 5, 1),
(704, 31, 2, 5, 2),
(705, 31, 3, 5, 5),
(706, 32, 1, 1, 2),
(707, 32, 2, 1, 5),
(708, 32, 3, 1, 3),
(709, 32, 1, 1, 2),
(710, 32, 2, 1, 5),
(711, 32, 3, 1, 3),
(712, 32, 1, 2, 5),
(713, 32, 2, 2, 3),
(714, 32, 3, 2, 2),
(715, 32, 1, 2, 5),
(716, 32, 2, 2, 3),
(717, 32, 3, 2, 2),
(718, 32, 1, 3, 1),
(719, 32, 2, 3, 2),
(720, 32, 3, 3, 5),
(721, 32, 1, 3, 1),
(722, 32, 2, 3, 2),
(723, 32, 3, 3, 5),
(724, 32, 1, 4, 5),
(725, 32, 2, 4, 3),
(726, 32, 3, 4, 2),
(727, 32, 1, 4, 2),
(728, 32, 2, 4, 5),
(729, 32, 3, 4, 3),
(730, 32, 1, 5, 2),
(731, 32, 2, 5, 5),
(732, 32, 3, 5, 3),
(733, 32, 1, 5, 1),
(734, 32, 2, 5, 2),
(735, 32, 3, 5, 5),
(736, 33, 1, 1, 5),
(737, 33, 2, 1, 3),
(738, 33, 3, 1, 2),
(739, 33, 1, 1, 1),
(740, 33, 2, 1, 2),
(741, 33, 3, 1, 5),
(742, 33, 1, 2, 2),
(743, 33, 2, 2, 5),
(744, 33, 3, 2, 3),
(745, 33, 1, 2, 1),
(746, 33, 2, 2, 2),
(747, 33, 3, 2, 5),
(748, 33, 1, 3, 2),
(749, 33, 2, 3, 5),
(750, 33, 3, 3, 3),
(751, 33, 1, 3, 2),
(752, 33, 2, 3, 5),
(753, 33, 3, 3, 3),
(754, 33, 1, 4, 2),
(755, 33, 2, 4, 5),
(756, 33, 3, 4, 3),
(757, 33, 1, 4, 5),
(758, 33, 2, 4, 3),
(759, 33, 3, 4, 2),
(760, 33, 1, 5, 5),
(761, 33, 2, 5, 3),
(762, 33, 3, 5, 2),
(763, 33, 1, 5, 5),
(764, 33, 2, 5, 3),
(765, 33, 3, 5, 2),
(766, 35, 1, 1, 2),
(767, 35, 2, 1, 5),
(768, 35, 3, 1, 3),
(769, 35, 1, 1, 5),
(770, 35, 2, 1, 3),
(771, 35, 3, 1, 2),
(772, 35, 1, 2, 5),
(773, 35, 2, 2, 3),
(774, 35, 3, 2, 2),
(775, 35, 1, 2, 5),
(776, 35, 2, 2, 3),
(777, 35, 3, 2, 2),
(778, 35, 1, 3, 5),
(779, 35, 2, 3, 3),
(780, 35, 3, 3, 2),
(781, 35, 1, 3, 1),
(782, 35, 2, 3, 2),
(783, 35, 3, 3, 5),
(784, 35, 1, 4, 1),
(785, 35, 2, 4, 2),
(786, 35, 3, 4, 5),
(787, 35, 1, 4, 2),
(788, 35, 2, 4, 5),
(789, 35, 3, 4, 3),
(790, 35, 1, 5, 5),
(791, 35, 2, 5, 3),
(792, 35, 3, 5, 2),
(793, 35, 1, 5, 5),
(794, 35, 2, 5, 3),
(795, 35, 3, 5, 2);

-- --------------------------------------------------------

--
-- Struktur dari tabel pertanyaan_survei
--

CREATE TABLE pertanyaan_survei (
  pertanyaan_id int(11) NOT NULL,
  kriteria_id int(11) DEFAULT NULL,
  pertanyaan text DEFAULT NULL,
  opsi_a text DEFAULT NULL,
  opsi_b text DEFAULT NULL,
  opsi_c text DEFAULT NULL
) ENGINE=InnoDB DEFAULT CHARSET=utf8mb4 COLLATE=utf8mb4_unicode_ci;

--
-- Dumping data untuk tabel pertanyaan_survei
--

INSERT INTO pertanyaan_survei (pertanyaan_id, kriteria_id, pertanyaan, opsi_a, opsi_b, opsi_c) VALUES
(1, 1, 'Bidang mana yang paling kamu minati?', 'Pemrograman dan teknologi digital ', 'Elektronika dan mesin otomatis', 'Desain visual dan multimedia'),
(2, 1, 'Aktivitas apa yang paling kamu sukai?', 'Membuat aplikasi atau sistem komputer', 'Merakit dan menguji perangkat keras', 'Mendesain poster, video, atau animasi'),
(3, 2, 'Gaya belajar seperti apa yang paling cocok buat kamu?', 'Teori dan logika', 'Praktik langsung dengan alat', 'Kreativitas dan ekspresi visual'),
(4, 2, 'Kamu merasa kesulitan ketika...', 'Menghafal banyak konsep teknis', 'Menghadapi hitungan & elektronika', 'Diminta membuat sesuatu yang kreatif'),
(5, 3, 'Kamu lebih senang pembelajaran yang...', 'Fokus teori dan konsep dasar', 'Seimbang teori dan praktik', 'Didominasi oleh praktik langsung'),
(6, 3, 'Dalam belajar, kamu lebih suka...', 'Diskusi konsep dan logika', 'Mengerjakan proyek menggunakan alat', 'Membuat karya visual/video'),
(7, 4, 'Seberapa penting ketersediaan lab atau alat praktik?', 'Penting tapi bukan utama', 'Sangat penting untuk praktik', 'Penting untuk proyek kreatif'),
(8, 4, 'Kamu tertarik jika tersedia...', 'Komputer dan internet lancar', 'Alat teknik & mesin langsung', 'Kamera, tablet, dan software desain'),
(9, 5, 'Seberapa besar pengaruh akreditasi terhadap pilihan studi kamu?', 'Sangat penting', 'Cukup penting', 'Tidak terlalu penting'),
(10, 5, 'Jika harus memilih, kamu akan pilih...', 'Akreditasi terbaik meski tidak minat', 'Sesuai minat meski akreditasi sedang', 'Kombinasi minat dan akreditasi baik');

-- --------------------------------------------------------

--
-- Struktur dari tabel program_studi
--

CREATE TABLE program_studi (
  prodi_id int(11) NOT NULL,
  nama_prodi varchar(100) NOT NULL,
  deskripsi text DEFAULT NULL
) ENGINE=InnoDB DEFAULT CHARSET=utf8mb4 COLLATE=utf8mb4_unicode_ci;

--
-- Dumping data untuk tabel program_studi
--

INSERT INTO program_studi (prodi_id, nama_prodi, deskripsi) VALUES
(1, 'Teknik Informatika', 'Program ini fokus pada pengembangan perangkat lunak, analisis sistem, dan pengelolaan sistem informasi. '),
(2, 'Teknik Multimedia dan Jaringan', 'Program ini mempelajari teknologi multimedia dan jaringan komputer, termasuk keamanan jaringan, Internet of Things (IoT), dan rekayasa perangkat lunak. '),
(3, 'Teknik Multimedia Digital', 'Program ini berfokus pada pengembangan konten multimedia interaktif, animasi, dan pengembangan game. ');

-- --------------------------------------------------------

--
-- Struktur dari tabel survey_jawaban
--

CREATE TABLE survey_jawaban (
  id int(11) NOT NULL,
  user_id int(11) DEFAULT NULL,
  pertanyaan_id int(11) DEFAULT NULL,
  jawaban varchar(10) DEFAULT NULL,
  tanggal_input date DEFAULT curdate()
) ENGINE=InnoDB DEFAULT CHARSET=utf8mb4 COLLATE=utf8mb4_unicode_ci;

--
-- Dumping data untuk tabel survey_jawaban
--

INSERT INTO survey_jawaban (id, user_id, pertanyaan_id, jawaban, tanggal_input) VALUES
(1, 8, 1, 'C', '2025-06-01'),
(2, 8, 2, 'B', '2025-06-01'),
(3, 8, 3, 'B', '2025-06-01'),
(4, 8, 4, 'C', '2025-06-01'),
(5, 8, 5, 'B', '2025-06-01'),
(6, 8, 6, 'C', '2025-06-01'),
(7, 8, 7, 'A', '2025-06-01'),
(8, 8, 8, 'A', '2025-06-01'),
(9, 8, 9, 'A', '2025-06-01'),
(10, 8, 10, 'A', '2025-06-01'),
(11, 9, 1, 'B', '2025-06-01'),
(12, 9, 2, 'B', '2025-06-01'),
(13, 9, 3, 'A', '2025-06-01'),
(14, 9, 4, 'A', '2025-06-01'),
(15, 9, 5, 'A', '2025-06-01'),
(16, 9, 6, 'B', '2025-06-01'),
(17, 9, 7, 'A', '2025-06-01'),
(18, 9, 8, 'A', '2025-06-01'),
(19, 9, 9, 'B', '2025-06-01'),
(20, 9, 10, 'C', '2025-06-01'),
(21, 10, 1, 'A', '2025-06-02'),
(22, 10, 2, 'A', '2025-06-02'),
(23, 10, 3, 'B', '2025-06-02'),
(24, 10, 4, 'C', '2025-06-02'),
(25, 10, 5, 'A', '2025-06-02'),
(26, 10, 6, 'B', '2025-06-02'),
(27, 10, 7, 'A', '2025-06-02'),
(28, 10, 8, 'A', '2025-06-02'),
(29, 10, 9, 'A', '2025-06-02'),
(30, 10, 10, 'A', '2025-06-02'),
(31, 11, 1, 'A', '2025-06-02'),
(32, 11, 2, 'A', '2025-06-02'),
(33, 11, 3, 'A', '2025-06-02'),
(34, 11, 4, 'A', '2025-06-02'),
(35, 11, 5, 'A', '2025-06-02'),
(36, 11, 6, 'A', '2025-06-02'),
(37, 11, 7, 'A', '2025-06-02'),
(38, 11, 8, 'A', '2025-06-02'),
(39, 11, 9, 'A', '2025-06-02'),
(40, 11, 10, 'A', '2025-06-02'),
(41, 12, 1, 'A', '2025-06-02'),
(42, 12, 2, 'A', '2025-06-02'),
(43, 12, 3, 'A', '2025-06-02'),
(44, 12, 4, 'A', '2025-06-02'),
(45, 12, 5, 'A', '2025-06-02'),
(46, 12, 6, 'A', '2025-06-02'),
(47, 12, 7, 'A', '2025-06-02'),
(48, 12, 8, 'A', '2025-06-02'),
(49, 12, 9, 'A', '2025-06-02'),
(50, 12, 10, 'A', '2025-06-02'),
(51, 14, 1, 'C', '2025-06-02'),
(52, 14, 2, 'C', '2025-06-02'),
(53, 14, 3, 'C', '2025-06-02'),
(54, 14, 4, 'C', '2025-06-02'),
(55, 14, 5, 'C', '2025-06-02'),
(56, 14, 6, 'C', '2025-06-02'),
(57, 14, 7, 'C', '2025-06-02'),
(58, 14, 8, 'C', '2025-06-02'),
(59, 14, 9, 'C', '2025-06-02'),
(60, 14, 10, 'C', '2025-06-02'),
(61, 15, 1, 'C', '2025-06-02'),
(62, 15, 2, 'A', '2025-06-02'),
(63, 15, 3, 'C', '2025-06-02'),
(64, 15, 4, 'B', '2025-06-02'),
(65, 15, 5, 'B', '2025-06-02'),
(66, 15, 6, 'B', '2025-06-02'),
(67, 15, 7, 'B', '2025-06-02'),
(68, 15, 8, 'B', '2025-06-02'),
(69, 15, 9, 'B', '2025-06-02'),
(70, 15, 10, 'A', '2025-06-02'),
(71, 17, 1, 'A', '2025-06-02'),
(72, 17, 2, 'B', '2025-06-02'),
(73, 17, 3, 'A', '2025-06-02'),
(74, 17, 4, 'B', '2025-06-02'),
(75, 17, 5, 'A', '2025-06-02'),
(76, 17, 6, 'C', '2025-06-02'),
(77, 17, 7, 'A', '2025-06-02'),
(78, 17, 8, 'B', '2025-06-02'),
(79, 17, 9, 'A', '2025-06-02'),
(80, 17, 10, 'B', '2025-06-02'),
(81, 18, 1, 'B', '2025-06-02'),
(82, 18, 2, 'B', '2025-06-02'),
(83, 18, 3, 'A', '2025-06-02'),
(84, 18, 4, 'A', '2025-06-02'),
(85, 18, 5, 'A', '2025-06-02'),
(86, 18, 6, 'A', '2025-06-02'),
(87, 18, 7, 'A', '2025-06-02'),
(88, 18, 8, 'A', '2025-06-02'),
(89, 18, 9, 'B', '2025-06-02'),
(90, 18, 10, 'B', '2025-06-02'),
(91, 20, 1, 'A', '2025-06-05'),
(92, 20, 2, 'B', '2025-06-05'),
(93, 20, 3, 'A', '2025-06-05'),
(94, 20, 4, 'B', '2025-06-05'),
(95, 20, 5, 'A', '2025-06-05'),
(96, 20, 6, 'A', '2025-06-05'),
(97, 20, 7, 'A', '2025-06-05'),
(98, 20, 8, 'A', '2025-06-05'),
(99, 20, 9, 'A', '2025-06-05'),
(100, 20, 10, 'C', '2025-06-05'),
(101, 21, 1, 'A', '2025-06-08'),
(102, 21, 2, 'C', '2025-06-08'),
(103, 21, 3, 'B', '2025-06-08'),
(104, 21, 4, 'A', '2025-06-08'),
(105, 21, 5, 'C', '2025-06-08'),
(106, 21, 6, 'C', '2025-06-08'),
(107, 21, 7, 'C', '2025-06-08'),
(108, 21, 8, 'A', '2025-06-08'),
(109, 21, 9, 'A', '2025-06-08'),
(110, 21, 10, 'B', '2025-06-08'),
(111, 22, 1, 'C', '2025-06-08'),
(112, 22, 2, 'A', '2025-06-08'),
(113, 22, 3, 'C', '2025-06-08'),
(114, 22, 4, 'C', '2025-06-08'),
(115, 22, 5, 'C', '2025-06-08'),
(116, 22, 6, 'C', '2025-06-08'),
(117, 22, 7, 'B', '2025-06-08'),
(118, 22, 8, 'C', '2025-06-08'),
(119, 22, 9, 'A', '2025-06-08'),
(120, 22, 10, 'C', '2025-06-08'),
(121, 23, 1, 'A', '2025-06-08'),
(122, 23, 2, 'B', '2025-06-08'),
(123, 23, 3, 'C', '2025-06-08'),
(124, 23, 4, 'A', '2025-06-08'),
(125, 23, 5, 'A', '2025-06-08'),
(126, 23, 6, 'B', '2025-06-08'),
(127, 23, 7, 'A', '2025-06-08'),
(128, 23, 8, 'A', '2025-06-08'),
(129, 23, 9, 'C', '2025-06-08'),
(130, 23, 10, 'B', '2025-06-08'),
(131, 24, 1, 'A', '2025-06-08'),
(132, 24, 2, 'B', '2025-06-08'),
(133, 24, 3, 'A', '2025-06-08'),
(134, 24, 4, 'A', '2025-06-08'),
(135, 24, 5, 'B', '2025-06-08'),
(136, 24, 6, 'C', '2025-06-08'),
(137, 24, 7, 'C', '2025-06-08'),
(138, 24, 8, 'C', '2025-06-08'),
(139, 24, 9, 'C', '2025-06-08'),
(140, 24, 10, 'C', '2025-06-08'),
(141, 25, 1, 'A', '2025-06-10'),
(142, 25, 2, 'A', '2025-06-10'),
(143, 25, 3, 'B', '2025-06-10'),
(144, 25, 4, 'A', '2025-06-10'),
(145, 25, 5, 'B', '2025-06-10'),
(146, 25, 6, 'B', '2025-06-10'),
(147, 25, 7, 'A', '2025-06-10'),
(148, 25, 8, 'B', '2025-06-10'),
(149, 25, 9, 'A', '2025-06-10'),
(150, 25, 10, 'C', '2025-06-10'),
(151, 26, 1, 'B', '2025-06-10'),
(152, 26, 2, 'A', '2025-06-10'),
(153, 26, 3, 'A', '2025-06-10'),
(154, 26, 4, 'C', '2025-06-10'),
(155, 26, 5, 'A', '2025-06-10'),
(156, 26, 6, 'B', '2025-06-10'),
(157, 26, 7, 'A', '2025-06-10'),
(158, 26, 8, 'A', '2025-06-10'),
(159, 26, 9, 'B', '2025-06-10'),
(160, 26, 10, 'A', '2025-06-10'),
(161, 27, 1, 'A', '2025-06-10'),
(162, 27, 2, 'A', '2025-06-10'),
(163, 27, 3, 'C', '2025-06-10'),
(164, 27, 4, 'B', '2025-06-10'),
(165, 27, 5, 'B', '2025-06-10'),
(166, 27, 6, 'A', '2025-06-10'),
(167, 27, 7, 'B', '2025-06-10'),
(168, 27, 8, 'B', '2025-06-10'),
(169, 27, 9, 'C', '2025-06-10'),
(170, 27, 10, 'A', '2025-06-10'),
(171, 28, 1, 'A', '2025-06-10'),
(172, 28, 2, 'B', '2025-06-10'),
(173, 28, 3, 'C', '2025-06-10'),
(174, 28, 4, 'B', '2025-06-10'),
(175, 28, 5, 'C', '2025-06-10'),
(176, 28, 6, 'B', '2025-06-10'),
(177, 28, 7, 'B', '2025-06-10'),
(178, 28, 8, 'A', '2025-06-10'),
(179, 28, 9, 'A', '2025-06-10'),
(180, 28, 10, 'C', '2025-06-10'),
(181, 29, 1, 'A', '2025-06-10'),
(182, 29, 2, 'B', '2025-06-10'),
(183, 29, 3, 'A', '2025-06-10'),
(184, 29, 4, 'A', '2025-06-10'),
(185, 29, 5, 'A', '2025-06-10'),
(186, 29, 6, 'B', '2025-06-10'),
(187, 29, 7, 'B', '2025-06-10'),
(188, 29, 8, 'B', '2025-06-10'),
(189, 29, 9, 'A', '2025-06-10'),
(190, 29, 10, 'C', '2025-06-10'),
(191, 30, 1, 'B', '2025-06-10'),
(192, 30, 2, 'B', '2025-06-10'),
(193, 30, 3, 'A', '2025-06-10'),
(194, 30, 4, 'A', '2025-06-10'),
(195, 30, 5, 'B', '2025-06-10'),
(196, 30, 6, 'A', '2025-06-10'),
(197, 30, 7, 'B', '2025-06-10'),
(198, 30, 8, 'A', '2025-06-10'),
(199, 30, 9, 'C', '2025-06-10'),
(200, 30, 10, 'C', '2025-06-10'),
(201, 31, 1, 'A', '2025-06-11'),
(202, 31, 2, 'A', '2025-06-11'),
(203, 31, 3, 'C', '2025-06-11'),
(204, 31, 4, 'A', '2025-06-11'),
(205, 31, 5, 'B', '2025-06-11'),
(206, 31, 6, 'A', '2025-06-11'),
(207, 31, 7, 'A', '2025-06-11'),
(208, 31, 8, 'A', '2025-06-11'),
(209, 31, 9, 'B', '2025-06-11'),
(210, 31, 10, 'C', '2025-06-11'),
(211, 32, 1, 'B', '2025-06-12'),
(212, 32, 2, 'B', '2025-06-12'),
(213, 32, 3, 'A', '2025-06-12'),
(214, 32, 4, 'A', '2025-06-12'),
(215, 32, 5, 'C', '2025-06-12'),
(216, 32, 6, 'C', '2025-06-12'),
(217, 32, 7, 'A', '2025-06-12'),
(218, 32, 8, 'B', '2025-06-12'),
(219, 32, 9, 'B', '2025-06-12'),
(220, 32, 10, 'C', '2025-06-12'),
(221, 33, 1, 'A', '2025-06-15'),
(222, 33, 2, 'C', '2025-06-15'),
(223, 33, 3, 'B', '2025-06-15'),
(224, 33, 4, 'C', '2025-06-15'),
(225, 33, 5, 'B', '2025-06-15'),
(226, 33, 6, 'B', '2025-06-15'),
(227, 33, 7, 'B', '2025-06-15'),
(228, 33, 8, 'A', '2025-06-15'),
(229, 33, 9, 'A', '2025-06-15'),
(230, 33, 10, 'A', '2025-06-15'),
(231, 35, 1, 'B', '2025-06-15'),
(232, 35, 2, 'A', '2025-06-15'),
(233, 35, 3, 'A', '2025-06-15'),
(234, 35, 4, 'A', '2025-06-15'),
(235, 35, 5, 'A', '2025-06-15'),
(236, 35, 6, 'C', '2025-06-15'),
(237, 35, 7, 'C', '2025-06-15'),
(238, 35, 8, 'B', '2025-06-15'),
(239, 35, 9, 'A', '2025-06-15'),
(240, 35, 10, 'A', '2025-06-15');

-- --------------------------------------------------------

--
-- Struktur dari tabel user
--

CREATE TABLE user (
  user_id int(11) NOT NULL,
  nama varchar(100) NOT NULL,
  tipe_user varchar(50) NOT NULL
) ENGINE=InnoDB DEFAULT CHARSET=utf8mb4 COLLATE=utf8mb4_unicode_ci;

--
-- Dumping data untuk tabel user
--

INSERT INTO user (user_id, nama, tipe_user) VALUES
(1, 'tammam', 'siswa'),
(2, 'ppp', 'siswa'),
(3, 'venu', 'siswa'),
(4, 'azizah', 'siswa'),
(5, 'ucup', 'siswa'),
(6, 'pppp', 'siswa'),
(7, 'alip', 'siswa'),
(8, 'venuuu', 'siswa'),
(9, 'denis', 'siswa'),
(10, 'nizam', 'siswa'),
(11, 'nizam', 'siswa'),
(12, 'nizam', 'siswa'),
(13, 'nizam', 'siswa'),
(14, 'tamamm', 'siswa'),
(15, 'tamamm', 'siswa'),
(16, 'tammamm', 'siswa'),
(17, 'udin', 'siswa'),
(18, 'tammamm', 'siswa'),
(19, 'mimin', 'siswa'),
(20, 'safina', 'siswa'),
(21, 'babang', 'siswa'),
(22, 'budi', 'siswa'),
(23, 'santoso', 'siswa'),
(24, 'tanjung', 'siswa'),
(25, 'tanjung barat', 'siswa'),
(26, 'aufar', 'siswa'),
(27, 'ibra', 'siswa'),
(28, 'nizam', 'siswa'),
(29, 'hilmi', 'siswa'),
(30, 'Azizah', 'siswa'),
(31, 'safinaa', 'siswa'),
(32, 'tammam', 'siswa'),
(33, 'tammam', 'siswa'),
(34, 'saya', 'siswa'),
(35, 'saya', 'siswa');

--
-- Indexes for dumped tables
--

--
-- Indeks untuk tabel bobot_kriteria
--
ALTER TABLE bobot_kriteria
  ADD PRIMARY KEY (bobot_id),
  ADD KEY user_id (user_id),
  ADD KEY kriteria_id (kriteria_id);

--
-- Indeks untuk tabel hasil_keputusan
--
ALTER TABLE hasil_keputusan
  ADD PRIMARY KEY (keputusan_id),
  ADD KEY user_id (user_id),
  ADD KEY prodi_id (prodi_id);

--
-- Indeks untuk tabel kriteria
--
ALTER TABLE kriteria
  ADD PRIMARY KEY (kriteria_id);

--
-- Indeks untuk tabel penilaian_alternatif
--
ALTER TABLE penilaian_alternatif
  ADD PRIMARY KEY (penilaian_id),
  ADD KEY user_id (user_id),
  ADD KEY prodi_id (prodi_id),
  ADD KEY kriteria_id (kriteria_id);

--
-- Indeks untuk tabel pertanyaan_survei
--
ALTER TABLE pertanyaan_survei
  ADD PRIMARY KEY (pertanyaan_id),
  ADD KEY pertanyaan_survei_kriteria_FK (kriteria_id);

--
-- Indeks untuk tabel program_studi
--
ALTER TABLE program_studi
  ADD PRIMARY KEY (prodi_id);

--
-- Indeks untuk tabel survey_jawaban
--
ALTER TABLE survey_jawaban
  ADD PRIMARY KEY (id),
  ADD KEY survey_jawaban_user_FK (user_id),
  ADD KEY survey_jawaban_pertanyaan_survei_FK (pertanyaan_id);

--
-- Indeks untuk tabel user
--
ALTER TABLE user
  ADD PRIMARY KEY (user_id);

--
-- AUTO_INCREMENT untuk tabel yang dibuang
--

--
-- AUTO_INCREMENT untuk tabel bobot_kriteria
--
ALTER TABLE bobot_kriteria
  MODIFY bobot_id int(11) NOT NULL AUTO_INCREMENT, AUTO_INCREMENT=176;

--
-- AUTO_INCREMENT untuk tabel hasil_keputusan
--
ALTER TABLE hasil_keputusan
  MODIFY keputusan_id int(11) NOT NULL AUTO_INCREMENT, AUTO_INCREMENT=244;

--
-- AUTO_INCREMENT untuk tabel kriteria
--
ALTER TABLE kriteria
  MODIFY kriteria_id int(11) NOT NULL AUTO_INCREMENT, AUTO_INCREMENT=6;

--
-- AUTO_INCREMENT untuk tabel penilaian_alternatif
--
ALTER TABLE penilaian_alternatif
  MODIFY penilaian_id int(11) NOT NULL AUTO_INCREMENT, AUTO_INCREMENT=796;

--
-- AUTO_INCREMENT untuk tabel pertanyaan_survei
--
ALTER TABLE pertanyaan_survei
  MODIFY pertanyaan_id int(11) NOT NULL AUTO_INCREMENT, AUTO_INCREMENT=11;

--
-- AUTO_INCREMENT untuk tabel program_studi
--
ALTER TABLE program_studi
  MODIFY prodi_id int(11) NOT NULL AUTO_INCREMENT, AUTO_INCREMENT=4;

--
-- AUTO_INCREMENT untuk tabel survey_jawaban
--
ALTER TABLE survey_jawaban
  MODIFY id int(11) NOT NULL AUTO_INCREMENT, AUTO_INCREMENT=241;

--
-- AUTO_INCREMENT untuk tabel user
--
ALTER TABLE user
  MODIFY user_id int(11) NOT NULL AUTO_INCREMENT, AUTO_INCREMENT=36;

--
-- Ketidakleluasaan untuk tabel pelimpahan (Dumped Tables)
--

--
-- Ketidakleluasaan untuk tabel bobot_kriteria
--
ALTER TABLE bobot_kriteria
  ADD CONSTRAINT bobot_kriteria_ibfk_1 FOREIGN KEY (user_id) REFERENCES user (user_id) ON DELETE CASCADE,
  ADD CONSTRAINT bobot_kriteria_ibfk_2 FOREIGN KEY (kriteria_id) REFERENCES kriteria (kriteria_id) ON DELETE CASCADE;

--
-- Ketidakleluasaan untuk tabel hasil_keputusan
--
ALTER TABLE hasil_keputusan
  ADD CONSTRAINT hasil_keputusan_ibfk_1 FOREIGN KEY (user_id) REFERENCES user (user_id) ON DELETE CASCADE,
  ADD CONSTRAINT hasil_keputusan_ibfk_2 FOREIGN KEY (prodi_id) REFERENCES program_studi (prodi_id) ON DELETE CASCADE;

--
-- Ketidakleluasaan untuk tabel penilaian_alternatif
--
ALTER TABLE penilaian_alternatif
  ADD CONSTRAINT penilaian_alternatif_ibfk_1 FOREIGN KEY (user_id) REFERENCES user (user_id) ON DELETE CASCADE,
  ADD CONSTRAINT penilaian_alternatif_ibfk_2 FOREIGN KEY (prodi_id) REFERENCES program_studi (prodi_id) ON DELETE CASCADE,
  ADD CONSTRAINT penilaian_alternatif_ibfk_3 FOREIGN KEY (kriteria_id) REFERENCES kriteria (kriteria_id) ON DELETE CASCADE;

--
-- Ketidakleluasaan untuk tabel pertanyaan_survei
--
ALTER TABLE pertanyaan_survei
  ADD CONSTRAINT pertanyaan_survei_kriteria_FK FOREIGN KEY (kriteria_id) REFERENCES kriteria (kriteria_id);

--
-- Ketidakleluasaan untuk tabel survey_jawaban
--
ALTER TABLE survey_jawaban
  ADD CONSTRAINT survey_jawaban_pertanyaan_survei_FK FOREIGN KEY (pertanyaan_id) REFERENCES pertanyaan_survei (pertanyaan_id),
  ADD CONSTRAINT survey_jawaban_user_FK FOREIGN KEY (user_id) REFERENCES user (user_id);
COMMIT;

/*!40101 SET CHARACTER_SET_CLIENT=@OLD_CHARACTER_SET_CLIENT */;
/*!40101 SET CHARACTER_SET_RESULTS=@OLD_CHARACTER_SET_RESULTS */;
/*!40101 SET COLLATION_CONNECTION=@OLD_COLLATION_CONNECTION */;
